City,Country,Price 2010,Price 2011,Price 2012,Price 2013,Price 2014,Price 2015,Price 2016,Price 2017,Price 2018,Price 2019,Price 2020
New York City,United States of America,42.99,50.00,42.25,55.93,50.29,53.46,54.59,59.24,61.46,61.73,66.44
"Washington, D.C.",United States of America,35.00,48.00,49.29,45.83,47.00,56.33,59.17,64.21,64.92,69.15,60.59
San Francisco,United States of America,41.67,42.50,36.50,48.50,47.00,55.26,53.05,58.78,63.25,67.37,68.99
Berlin,Germany,30.86,38.62,20.51,30.05,32.57,27.13,26.47,32.47,36.44,33.92,35.83
Los Angeles,United States of America,35.75,43.63,41.50,37.50,40.32,47.61,50.84,56.28,57.48,63.01,66.69
Bern,Switzerland,0.00,0.00,51.55,55.56,0.00,46.18,40.17,54.16,0.00,52.48,0.00
Geneva,Switzerland,38.79,65.10,37.80,60.42,63.27,63.11,58.54,70.72,72.77,59.92,54.36
Zurich,Switzerland,56.90,56.76,45.88,49.85,50.40,52.01,50.06,61.47,59.38,52.26,60.54
Basel,Switzerland,0.00,0.00,0.00,0.00,0.00,52.71,53.93,49.86,62.91,52.44,62.91
London,United Kingdom,21.45,34.84,30.04,29.17,33.50,33.76,36.41,34.07,42.77,39.56,38.72
Cairo,Egypt,47.00,40.00,53.63,57.13,47.81,59.98,44.82,19.48,16.07,16.97,16.99
Alexandria,Egypt,0.00,0.00,0.00,50.95,44.76,71.01,63.16,12.50,16.83,16.99,13.72
Alexandria,United States of America,0.00,0.00,0.00,0.00,0.00,0.00,58.25,0.00,70.17,82.00,67.50
Paris,France,37.04,42.75,37.04,37.43,37.81,30.45,30.29,29.17,32.99,32.11,29.12
Boston,United States of America,51.67,30.00,52.75,56.12,54.56,51.28,55.29,63.29,64.77,67.70,66.45
Toronto,Canada,38.46,50.01,47.29,48.50,42.77,43.10,43.35,46.31,51.68,48.42,52.47
Sao Paulo,Brazil,43.96,56.78,41.01,35.85,31.23,24.39,21.74,30.38,30.16,27.85,21.52
Vilnius,Lithuania,16.33,18.26,12.39,11.64,11.92,9.24,11.37,11.79,13.06,12.53,12.59
City of Brussels,Belgium,0.00,50.36,42.24,47.23,52.22,39.53,45.16,48.04,50.78,49.40,48.85
Poznan,Poland,0.00,23.63,13.63,17.37,15.87,12.07,12.06,13.63,15.61,11.79,14.30
Tashkent,Uzbekistan,0.00,0.00,0.00,0.00,179.17,0.00,0.00,0.00,35.09,61.50,33.56
Warsaw,Poland,0.00,20.92,17.28,14.71,13.98,12.22,11.54,13.17,15.07,14.11,13.72
Modena,Italy,0.00,0.00,0.00,0.00,0.00,0.00,0.00,25.00,38.07,0.00,0.00
Singapore,Singapore,30.48,32.26,34.50,32.18,31.38,30.80,31.65,34.07,31.99,32.38,31.79
Montreal,Canada,34.66,47.77,42.68,43.54,44.42,42.06,43.41,46.30,50.35,45.58,46.05
Cambridge,United Kingdom,0.00,0.00,0.00,29.80,0.00,40.85,33.11,33.45,41.05,45.29,45.33
Cologne,Germany,0.00,25.36,24.69,28.14,34.02,23.30,25.88,22.94,37.12,29.66,35.85
Skopje,North Macedonia,0.00,10.14,14.03,15.31,15.54,11.86,13.53,16.60,19.82,16.47,20.38
Gdynia,Poland,0.00,0.00,0.00,0.00,0.00,10.46,12.37,13.05,13.71,13.41,12.55
Szczecin,Poland,0.00,0.00,0.00,0.00,0.00,11.11,12.54,0.00,14.43,14.27,13.96
Ljubljana,Slovenia,32.10,28.99,33.09,34.29,28.80,29.63,32.57,34.21,38.25,36.67,38.48
Plovdiv,Bulgaria,0.00,0.00,0.00,10.00,13.35,8.66,10.05,10.30,12.74,13.29,13.36
Sofia,Bulgaria,11.32,14.55,10.73,11.17,10.26,7.94,8.74,9.53,12.19,11.83,12.02
Milan,Italy,0.00,40.87,31.48,35.54,36.65,30.83,30.90,30.27,31.89,32.57,30.95
Trieste,Italy,0.00,0.00,32.10,0.00,34.02,28.66,0.00,27.77,34.41,31.12,0.00
Lodz,Poland,0.00,0.00,0.00,14.18,0.00,11.28,10.33,11.57,13.67,14.11,12.21
Oslo,Norway,44.19,55.27,55.05,55.31,49.38,38.87,41.78,48.80,54.67,50.68,46.96
Bonn,Germany,0.00,0.00,0.00,0.00,0.00,0.00,0.00,31.12,29.00,34.51,40.56
Katowice,Poland,0.00,25.55,13.09,13.68,14.25,9.25,10.94,13.58,14.20,14.75,12.50
Lisbon,Portugal,19.75,30.14,29.22,25.97,29.80,26.17,29.06,32.53,36.43,36.16,36.61
Dubai,United Arab Emirates,95.35,76.67,72.28,67.90,79.80,84.61,88.48,93.35,96.60,99.26,96.85
Padua,Italy,0.00,0.00,0.00,33.33,0.00,0.00,32.69,0.00,0.00,31.33,0.00
Bergamo,Italy,0.00,0.00,0.00,0.00,0.00,29.29,36.33,0.00,0.00,0.00,33.40
Venice,Italy,0.00,0.00,0.00,0.00,32.88,0.00,0.00,0.00,0.00,0.00,0.00
Rennes,France,0.00,0.00,0.00,0.00,0.00,0.00,0.00,0.00,30.36,25.50,0.00
Lille,France,0.00,0.00,0.00,0.00,0.00,27.48,28.83,28.83,29.66,29.10,29.78
Moscow,Russia,16.27,13.16,11.99,12.55,10.33,6.53,5.72,7.63,7.56,7.21,6.65
Saint Petersburg,Russia,0.00,15.49,11.08,10.91,9.56,7.25,6.05,7.58,7.48,7.15,7.30
Lausanne,Switzerland,0.00,52.94,63.92,40.63,0.00,71.01,53.90,62.36,60.02,61.14,63.09
Novosibirsk,Russia,0.00,0.00,0.00,0.00,10.74,6.39,5.53,8.21,8.72,8.33,7.79
Yekaterinburg,Russia,0.00,0.00,0.00,10.97,10.02,8.65,5.89,7.78,8.14,7.91,7.19
Samara,Russia,0.00,0.00,0.00,0.00,11.45,0.00,6.73,8.85,7.51,7.99,7.29
Omsk,Russia,0.00,0.00,0.00,0.00,0.00,0.00,0.00,0.00,8.81,6.87,7.84
Kazan,Russia,0.00,0.00,0.00,0.00,0.00,9.04,5.89,7.21,7.12,6.58,5.72
Chelyabinsk,Russia,0.00,0.00,0.00,0.00,0.00,8.86,7.07,8.04,7.04,6.99,0.00
Ufa,Russia,0.00,0.00,0.00,0.00,0.00,0.00,0.00,0.00,5.51,6.23,5.98
Volgograd,Russia,0.00,0.00,0.00,0.00,0.00,0.00,0.00,0.00,9.32,8.02,5.70
Perm,Russia,0.00,0.00,0.00,0.00,0.00,0.00,0.00,0.00,8.75,8.88,8.37
Krasnoyarsk,Russia,0.00,0.00,0.00,0.00,0.00,0.00,0.00,0.00,7.38,7.38,4.70
Beijing,People's Republic of China,17.60,25.50,27.03,19.00,19.71,23.40,18.45,15.66,15.44,13.81,13.59
Vladivostok,Russia,0.00,0.00,0.00,0.00,0.00,0.00,7.64,0.00,11.48,9.50,8.89
San Antonio,United States of America,0.00,87.50,38.33,57.15,51.00,44.81,48.88,55.53,57.52,59.80,66.89
Tomsk,Russia,0.00,0.00,0.00,13.58,0.00,0.00,0.00,0.00,6.22,5.65,6.32
Tbilisi,Georgia,0.00,0.00,18.57,15.80,13.42,10.61,12.38,14.72,16.69,16.39,15.65
Maribor,Slovenia,0.00,0.00,0.00,0.00,0.00,0.00,24.69,0.00,40.58,40.46,0.00
Aachen,Germany,0.00,0.00,0.00,0.00,0.00,31.15,0.00,37.09,32.46,35.67,30.34
Stuttgart,Germany,0.00,36.21,27.98,45.01,29.39,27.81,32.24,27.54,33.01,31.97,32.80
Karlsruhe,Germany,0.00,0.00,0.00,0.00,0.00,0.00,29.52,0.00,34.13,31.01,37.60
Hamburg,Germany,35.80,27.00,26.75,27.05,32.88,24.66,27.35,31.67,37.97,34.98,35.00
Ahmedabad,India,14.55,17.24,13.04,27.14,15.44,22.96,15.99,11.20,10.10,8.57,9.46
Prague,Czech Republic,0.00,28.66,22.38,21.66,20.94,17.13,17.48,19.79,22.38,21.62,20.91
Mumbai,India,20.13,19.86,20.76,25.35,25.26,19.23,18.70,17.44,13.02,10.73,10.74
Jerusalem,Israel,0.00,43.86,20.77,0.00,26.65,21.64,20.77,25.24,25.21,26.80,24.56
Grenoble,France,0.00,0.00,0.00,0.00,0.00,0.00,32.79,0.00,42.43,28.17,20.78
Dortmund,Germany,0.00,0.00,0.00,0.00,0.00,0.00,0.00,0.00,0.00,0.00,36.05
Ghent,Belgium,0.00,0.00,0.00,0.00,0.00,0.00,40.04,40.30,52.16,40.11,49.88
Chicago,United States of America,28.00,40.70,39.40,45.44,38.50,43.33,52.42,60.06,61.76,63.01,65.17
Montevideo,Uruguay,0.00,55.01,40.71,47.01,32.41,28.13,27.34,34.84,34.11,32.64,31.76
Tolyatti,Russia,0.00,0.00,0.00,0.00,0.00,0.00,0.00,0.00,0.00,7.19,0.00
Pittsburgh,United States of America,0.00,45.00,40.00,0.00,43.57,53.88,58.93,74.28,75.44,72.64,71.10
Philadelphia,United States of America,40.00,45.00,150.00,51.25,0.00,61.29,57.58,68.26,66.11,66.53,58.47
Kolkata,India,28.03,20.39,15.75,23.16,20.98,17.43,20.70,13.93,9.85,8.83,9.27
Chennai,India,23.11,25.76,16.00,20.32,22.25,20.10,18.56,16.10,14.57,13.08,10.97
Delhi,India,20.22,22.35,23.29,22.92,25.19,24.39,22.06,17.49,13.29,11.42,10.77
Dhaka,Bangladesh,0.00,30.00,37.97,40.59,40.86,47.75,39.45,21.01,27.99,27.91,28.59
Hyderabad,India,23.73,21.20,17.86,16.63,14.09,12.81,11.67,12.44,11.67,10.52,10.07
Islamabad,Pakistan,17.17,22.55,31.03,27.85,31.90,29.20,39.01,36.16,24.42,22.01,20.61
Zagreb,Croatia,24.69,28.04,24.59,27.20,26.42,23.90,23.46,24.47,26.34,24.09,26.12
Genoa,Italy,0.00,0.00,0.00,32.25,0.00,0.00,0.00,30.23,29.20,31.34,33.75
Manila,Philippines,31.75,27.06,43.51,63.78,63.28,65.74,52.02,48.26,55.36,50.17,53.00
Quezon City,Philippines,0.00,0.00,0.00,0.00,0.00,70.11,0.00,0.00,51.11,33.86,51.90
Bordeaux,France,0.00,0.00,0.00,0.00,0.00,0.00,33.87,28.88,37.93,28.78,0.00
Buenos Aires,Argentina,34.59,33.49,35.04,34.45,36.88,46.21,37.29,49.26,47.91,33.27,30.60
Mexico City,Mexico,47.92,43.50,24.39,34.06,34.92,24.95,22.74,26.75,26.83,26.79,25.45
Tokyo,Japan,26.69,33.37,48.13,35.37,38.62,33.01,36.25,35.53,42.37,43.10,41.91
La Paz,Bolivia,0.00,0.00,0.00,0.00,0.00,0.00,0.00,0.00,43.11,43.68,49.69
Barcelona,Spain,24.69,49.28,42.05,45.35,47.16,39.63,40.63,47.14,49.47,48.11,45.79
Makati,Philippines,0.00,0.00,92.16,51.45,40.29,43.75,65.96,0.00,0.00,52.26,0.00
Nagpur,India,0.00,0.00,0.00,0.00,0.00,0.00,0.00,0.00,0.00,13.65,0.00
Abu Dhabi,United Arab Emirates,0.00,81.67,72.97,81.68,79.91,86.68,88.50,106.84,107.60,102.61,101.02
Athens,Greece,24.69,31.55,25.59,24.89,26.00,21.41,23.83,26.78,37.23,34.00,36.25
Caracas,Venezuela,0.00,57.50,40.05,63.88,50.68,0.00,4.63,0.00,7.33,10.38,9.11
Pune,India,20.49,21.92,24.39,23.70,26.26,22.22,21.40,21.67,16.48,13.16,12.40
Guatemala City,Guatemala,0.00,0.00,0.00,0.00,0.00,52.86,53.11,56.19,73.31,88.44,67.03
Valenzuela,Philippines,0.00,0.00,0.00,0.00,0.00,41.26,0.00,0.00,0.00,0.00,0.00
Osijek,Croatia,0.00,0.00,0.00,23.10,0.00,21.39,22.05,21.45,23.09,0.00,23.05
Rijeka,Croatia,0.00,0.00,26.89,32.87,33.52,25.01,25.27,26.06,25.74,0.00,24.71
Split,Croatia,0.00,0.00,25.28,22.15,0.00,20.98,25.73,28.71,27.41,24.97,28.85
Hanover,Germany,0.00,0.00,0.00,0.00,0.00,0.00,30.00,0.00,35.24,30.67,42.15
DÃ¼sseldorf,Germany,0.00,0.00,30.86,0.00,36.29,25.41,32.59,35.44,33.48,37.77,36.37
Dubrovnik,Croatia,0.00,0.00,0.00,0.00,0.00,0.00,0.00,0.00,0.00,0.00,54.89
Munich,Germany,0.00,27.17,33.83,30.52,31.45,24.64,27.65,30.25,36.68,38.23,40.36
Dresden,Germany,0.00,0.00,0.00,0.00,0.00,27.32,27.67,0.00,33.87,33.58,48.62
Innsbruck,Austria,0.00,0.00,0.00,0.00,0.00,0.00,0.00,28.41,0.00,36.80,0.00
Vienna,Austria,43.21,23.91,21.58,27.63,27.86,23.09,25.85,27.21,35.24,34.67,37.70
Stockholm,Sweden,27.66,36.50,27.51,31.10,38.08,28.71,29.19,34.28,32.20,31.74,28.35
Helsinki,Finland,29.51,28.99,24.69,24.89,24.94,20.61,22.09,22.63,28.42,24.81,24.03
Dublin,Ireland,33.95,53.33,43.36,44.25,46.53,44.16,49.35,54.05,60.23,60.28,57.99
Reykjavik,Iceland,0.00,36.22,50.51,0.00,59.46,61.17,56.01,62.08,68.28,65.74,67.09
Tallinn,Estonia,17.75,28.20,19.75,0.00,23.13,17.17,17.33,22.44,25.92,25.93,25.75
Riga,Latvia,0.00,20.56,17.72,18.09,15.29,12.69,13.40,15.44,17.60,17.83,17.50
Bratislava,Slovakia,18.52,21.74,16.87,15.46,16.92,14.93,15.34,16.82,19.10,17.68,16.89
Budapest,Hungary,29.13,28.43,19.43,16.30,19.61,13.88,15.07,15.66,15.54,14.16,15.10
Gdansk,Poland,0.00,29.20,16.20,12.54,14.22,13.54,12.32,13.18,15.91,13.54,14.35
Frankfurt,Germany,0.00,32.32,30.86,30.30,31.98,25.60,27.22,30.74,34.84,33.93,35.33
Wroclaw,Poland,0.00,20.62,15.66,16.59,14.06,11.51,11.44,13.39,14.54,13.53,13.78
Kochi,India,0.00,21.13,30.82,23.06,19.14,17.25,22.92,18.15,13.86,8.22,10.96
Kaliningrad,Russia,0.00,0.00,0.00,0.00,0.00,0.00,5.99,8.02,7.35,7.37,6.20
Luxembourg,Luxembourg,0.00,0.00,52.47,0.00,51.37,43.96,44.59,49.17,56.19,52.55,60.29
Phnom Penh,Cambodia,0.00,0.00,53.33,86.25,26.33,36.75,25.62,30.50,33.67,20.00,30.14
Ho Chi Minh City,Vietnam,0.00,23.00,16.41,0.00,0.00,11.38,13.82,13.11,11.42,11.38,11.21
Hanoi,Vietnam,0.00,0.00,13.23,0.00,14.98,11.64,12.58,8.47,11.47,10.41,9.94
Bangkok,Thailand,17.41,20.29,21.85,21.04,20.58,18.56,17.36,20.82,23.67,22.09,20.34
Kuala Lumpur,Malaysia,38.34,48.63,47.42,46.02,44.46,43.44,40.29,39.98,37.48,28.75,28.25
Taipei,Taiwan,21.00,20.00,26.82,25.95,20.93,23.25,25.02,24.92,28.42,21.67,20.12
Odessa,Ukraine,0.00,0.00,0.00,7.86,4.39,3.61,3.30,3.74,4.79,5.70,6.34
Concepcion,Chile,0.00,0.00,0.00,0.00,0.00,35.05,0.00,0.00,0.00,0.00,0.00
Bologna,Italy,0.00,0.00,28.11,32.47,31.57,28.90,32.31,31.04,31.38,30.89,32.80
Cagliari,Italy,0.00,0.00,0.00,0.00,0.00,0.00,26.76,0.00,29.20,0.00,30.25
Catania,Italy,0.00,0.00,0.00,0.00,0.00,0.00,0.00,0.00,37.37,35.37,33.12
Ottawa,Canada,36.86,51.55,46.93,44.98,49.55,44.14,45.62,49.77,54.06,47.74,48.03
Yerevan,Armenia,0.00,0.00,24.27,20.50,16.33,14.91,14.57,12.78,16.48,15.21,17.69
Dar es Salaam,Tanzania,0.00,0.00,19.20,85.56,124.34,0.00,0.00,0.00,72.67,0.00,0.00
Khartoum,Sudan,0.00,67.50,0.00,0.00,0.00,0.00,0.00,0.00,0.00,0.00,0.00
Verona,Italy,0.00,0.00,0.00,0.00,0.00,0.00,0.00,0.00,0.00,0.00,33.08
Florence,Italy,0.00,28.84,35.56,0.00,0.00,23.39,32.24,30.45,32.03,32.55,35.02
Essen,Germany,0.00,0.00,0.00,0.00,0.00,0.00,0.00,0.00,38.06,36.04,0.00
Leipzig,Germany,0.00,0.00,0.00,0.00,0.00,18.31,32.24,29.86,37.22,35.34,34.20
St. John's,Canada,0.00,0.00,0.00,0.00,0.00,49.18,53.40,0.00,67.36,0.00,0.00
Nuremberg,Germany,0.00,0.00,0.00,0.00,20.41,27.32,23.84,35.55,39.87,33.72,39.17
Edmonton,Canada,43.27,33.51,33.01,47.54,50.16,48.49,48.92,56.07,56.53,56.30,62.27
Mannheim,Germany,0.00,0.00,0.00,0.00,0.00,0.00,30.27,0.00,31.53,27.96,34.07
Regina,Canada,0.00,0.00,38.83,62.50,0.00,34.16,45.24,43.05,54.91,55.35,49.53
Victoria,Canada,0.00,0.00,44.15,0.00,46.83,46.41,51.84,53.52,61.27,57.73,59.58
Winnipeg,Canada,33.97,41.24,48.05,46.15,45.70,47.71,46.38,49.00,57.53,51.82,62.10
Fredericton,Canada,0.00,0.00,0.00,0.00,59.89,52.48,0.00,0.00,62.05,0.00,56.46
Halifax,Canada,48.08,59.28,46.12,53.21,61.81,58.70,61.31,63.10,67.45,68.14,73.15
Quebec City,Canada,0.00,0.00,50.09,0.00,0.00,41.93,40.39,48.72,47.07,49.10,52.67
Birmingham,United Kingdom,0.00,22.12,30.77,0.00,0.00,32.79,27.31,32.66,39.67,38.17,34.33
Minsk,Belarus,0.00,0.00,19.10,18.89,20.07,11.98,9.59,12.55,14.12,14.20,12.04
Nassau,The Bahamas,0.00,0.00,0.00,0.00,0.00,37.50,38.80,0.00,69.29,71.31,51.25
Naples,Italy,0.00,0.00,39.09,0.00,0.00,0.00,26.79,33.36,30.68,34.56,32.01
Palermo,Italy,0.00,0.00,0.00,0.00,0.00,0.00,30.20,31.72,0.00,29.38,0.00
Parma,Italy,0.00,0.00,0.00,0.00,0.00,0.00,29.68,0.00,33.37,34.51,0.00
Augsburg,Germany,0.00,0.00,0.00,0.00,0.00,0.00,0.00,0.00,32.70,36.83,0.00
Madrid,Spain,49.38,51.13,39.99,45.85,48.00,36.60,38.98,41.12,49.20,46.82,46.86
Freiburg im Breisgau,Germany,0.00,0.00,0.00,0.00,0.00,0.00,0.00,37.84,0.00,0.00,0.00
Bogota,Colombia,0.00,27.25,45.89,36.82,37.18,31.09,26.44,33.86,34.96,31.67,28.28
Brasilia,Brazil,0.00,44.81,44.32,26.48,33.43,22.03,25.82,36.14,35.83,32.43,21.22
Lima,Peru,0.00,0.00,46.25,60.32,63.20,41.94,46.42,43.35,38.06,37.57,32.58
Santiago,Chile,53.76,40.75,40.07,36.62,47.93,36.30,34.48,40.21,41.34,35.94,31.65
Quito,Ecuador,0.00,47.00,48.71,60.00,38.33,36.21,33.47,36.14,38.20,40.93,39.59
Asuncion,Paraguay,0.00,0.00,0.00,0.00,0.00,0.00,50.28,45.23,32.87,29.30,33.06
Heidelberg,Germany,0.00,0.00,0.00,0.00,0.00,0.00,0.00,33.21,31.92,36.94,0.00
Paramaribo,Suriname,0.00,0.00,0.00,0.00,0.00,0.00,0.00,33.73,27.79,31.91,0.00
Kathmandu,Nepal,0.00,0.00,26.74,29.29,11.36,53.36,22.81,19.63,18.50,18.36,17.35
San Jose,Costa Rica,0.00,47.50,51.92,0.00,54.14,42.29,43.81,54.61,77.49,67.84,57.41
San Salvador,El Salvador,0.00,0.00,0.00,0.00,48.33,50.80,45.40,61.00,46.89,46.67,46.63
Canberra,Australia,42.37,53.19,67.96,51.28,62.94,52.76,52.86,57.20,53.07,53.45,50.86
Sydney,Australia,42.36,63.06,54.16,61.54,60.98,53.01,48.71,52.90,52.30,48.40,49.97
Melbourne,Australia,29.08,53.19,50.86,62.23,63.20,50.88,52.38,55.06,53.23,48.62,47.92
Perth,Australia,56.21,63.83,66.90,69.53,71.20,56.60,54.25,56.79,54.92,49.05,48.59
Tegucigalpa,Honduras,0.00,0.00,0.00,0.00,0.00,0.00,0.00,0.00,37.56,69.29,0.00
Managua,Nicaragua,0.00,0.00,0.00,0.00,0.00,0.00,0.00,0.00,57.14,62.55,0.00
Panama City,Panama,0.00,34.99,40.00,39.00,34.99,42.60,39.37,46.48,55.15,46.28,46.43
Zadar,Croatia,0.00,0.00,0.00,0.00,0.00,0.00,0.00,0.00,0.00,38.07,0.00
Trento,Italy,0.00,0.00,0.00,0.00,36.29,0.00,28.66,0.00,0.00,0.00,0.00
Voronezh,Russia,0.00,0.00,0.00,0.00,0.00,0.00,0.00,6.48,7.19,5.65,4.99
Bari,Italy,0.00,0.00,0.00,0.00,0.00,0.00,24.97,0.00,0.00,30.22,0.00
Rabat,Morocco,0.00,0.00,0.00,0.00,0.00,26.59,23.21,21.95,34.47,33.01,30.64
Algiers,Algeria,0.00,0.00,0.00,34.26,0.00,32.89,35.11,40.93,19.74,24.06,45.18
Tunis,Tunisia,0.00,0.00,24.97,22.97,23.50,22.09,19.75,18.42,20.90,18.50,15.20
Tripoli,Libya,0.00,0.00,0.00,21.16,26.23,0.00,27.06,0.00,0.00,0.00,0.00
Tehran,Iran,23.00,32.33,37.40,49.54,55.64,64.91,84.39,56.49,29.18,18.23,19.70
Addis Ababa,Ethiopia,0.00,0.00,305.00,0.00,0.00,0.00,259.64,0.00,0.00,0.00,0.00
Jakarta,Indonesia,24.56,42.94,44.22,39.86,34.47,28.53,25.75,36.34,29.62,27.48,30.34
Ankara,Turkey,0.00,30.94,28.67,28.44,26.88,19.35,18.96,19.12,18.62,16.26,15.48
Krasnodar,Russia,0.00,0.00,0.00,0.00,0.00,0.00,5.72,8.55,8.27,7.64,7.59
Riyadh,Saudi Arabia,0.00,79.00,63.86,67.97,51.54,40.43,41.06,57.75,61.71,64.89,61.35
Belgrade,Serbia,16.87,26.57,23.58,20.77,19.20,14.44,14.84,18.69,24.39,23.95,22.75
Accra,Ghana,0.00,0.00,45.36,130.92,83.72,0.00,0.00,53.51,0.00,56.62,49.21
Amman,Jordan,63.18,47.50,43.15,44.95,42.62,38.77,41.22,50.21,45.39,43.17,44.61
Beirut,Lebanon,56.67,46.67,60.21,66.55,62.20,63.67,66.68,50.06,45.46,55.64,51.90
Muscat,Oman,0.00,52.00,83.33,63.60,64.19,59.74,60.18,60.79,73.02,74.65,81.81
Kigali,Rwanda,0.00,0.00,0.00,0.00,0.00,377.91,0.00,0.00,0.00,0.00,0.00
Doha,Qatar,82.28,93.66,100.68,91.52,85.02,72.04,70.04,71.53,84.78,89.59,84.92
Nairobi,Kenya,0.00,0.00,45.69,43.85,55.84,44.34,41.93,50.15,65.74,58.17,59.88
Manama,Bahrain,0.00,0.00,60.19,51.35,46.27,44.10,36.76,45.72,41.30,52.42,60.52
Maputo,Mozambique,0.00,0.00,0.00,0.00,0.00,0.00,0.00,77.06,225.84,0.00,0.00
Kampala,Uganda,0.00,0.00,0.00,0.00,0.00,0.00,81.97,0.00,80.84,0.00,69.06
Luanda,Angola,0.00,0.00,180.00,0.00,173.33,0.00,0.00,0.00,0.00,0.00,0.00
Gaborone,Botswana,0.00,0.00,0.00,0.00,0.00,0.00,0.00,0.00,58.30,41.03,73.69
Harare,Zimbabwe,0.00,0.00,0.00,86.67,94.28,0.00,95.80,111.60,119.67,0.00,104.83
Pretoria,South Africa,0.00,87.43,94.12,39.74,66.81,67.64,55.48,82.05,84.35,62.70,50.63
Port Louis,Mauritius,0.00,0.00,0.00,0.00,0.00,0.00,0.00,45.56,40.52,0.00,0.00
Windhoek,Namibia,0.00,0.00,0.00,125.03,321.01,0.00,40.90,0.00,72.10,41.72,48.16
Glasgow,United Kingdom,0.00,37.77,30.77,28.28,0.00,27.52,34.33,31.43,39.11,33.88,39.08
Curitiba,Brazil,24.73,45.57,24.63,39.14,34.27,26.35,22.92,34.94,37.65,34.19,23.04
Surat,India,0.00,0.00,0.00,38.35,0.00,14.46,22.37,0.00,12.34,7.19,7.58
Pula,Croatia,0.00,0.00,0.00,0.00,0.00,0.00,26.33,0.00,24.67,0.00,0.00
Hangzhou,People's Republic of China,0.00,0.00,0.00,0.00,0.00,0.00,0.00,0.00,0.00,11.15,16.18
Seattle,United States of America,0.00,47.50,45.00,49.88,51.89,54.33,57.63,64.77,65.31,64.53,64.46
Baltimore,United States of America,0.00,0.00,0.00,48.00,68.50,54.75,60.39,60.00,68.93,76.36,68.15
Adelaide,Australia,0.00,47.87,47.57,62.50,66.65,49.02,47.19,53.52,56.54,47.15,49.34
Saratov,Russia,0.00,0.00,0.00,0.00,0.00,0.00,0.00,0.00,6.85,6.89,6.65
Izhevsk,Russia,0.00,0.00,0.00,0.00,0.00,0.00,0.00,0.00,7.10,6.91,5.96
Cape Town,South Africa,68.76,65.07,86.31,70.41,70.43,68.05,56.97,64.15,72.40,66.65,51.88
Durban,South Africa,0.00,0.00,127.45,48.43,65.53,46.00,46.29,57.69,74.46,62.67,53.26
Treviso,Italy,0.00,0.00,0.00,0.00,0.00,0.00,37.75,0.00,0.00,29.10,0.00
Mecca,Saudi Arabia,0.00,0.00,0.00,0.00,0.00,0.00,0.00,0.00,75.32,0.00,0.00
Tyumen,Russia,0.00,0.00,0.00,0.00,0.00,0.00,0.00,0.00,7.74,6.76,7.23
Kabul,Afghanistan,0.00,0.00,0.00,0.00,0.00,0.00,0.00,0.00,155.76,0.00,0.00
Medan,Indonesia,0.00,0.00,0.00,0.00,0.00,0.00,0.00,50.85,0.00,0.00,0.00
Barnaul,Russia,0.00,0.00,0.00,0.00,0.00,0.00,0.00,0.00,0.00,7.31,0.00
Kemerovo,Russia,0.00,0.00,0.00,0.00,0.00,0.00,0.00,0.00,0.00,7.18,0.00
Portland,United States of America,50.00,50.00,48.87,46.40,56.72,53.54,54.81,61.76,62.10,67.89,65.05
Brescia,Italy,0.00,0.00,0.00,0.00,0.00,0.00,0.00,0.00,0.00,35.07,0.00
Coventry,United Kingdom,0.00,0.00,0.00,0.00,0.00,0.00,24.53,0.00,35.37,41.07,0.00
Indianapolis,United States of America,33.32,40.00,47.50,28.50,41.67,46.67,55.44,57.87,56.19,57.73,67.63
Montpellier,France,0.00,0.00,0.00,0.00,0.00,29.78,29.74,0.00,35.03,35.37,0.00
Antalya,Turkey,0.00,0.00,0.00,0.00,23.04,19.09,19.48,17.51,17.08,14.73,15.03
Varna,Bulgaria,0.00,0.00,9.24,8.67,8.59,8.19,7.98,11.26,11.53,12.62,11.83
Burgas,Bulgaria,0.00,0.00,0.00,0.00,0.00,0.00,0.00,10.97,10.61,13.32,10.45
Irkutsk,Russia,0.00,0.00,0.00,0.00,0.00,0.00,0.00,0.00,8.77,7.73,7.55
Strasbourg,France,0.00,0.00,0.00,0.00,0.00,0.00,28.36,0.00,30.60,0.00,36.74
Lugano,Switzerland,0.00,0.00,0.00,57.99,0.00,61.34,0.00,0.00,60.07,47.78,0.00
Yogyakarta City,Indonesia,0.00,0.00,0.00,0.00,0.00,0.00,0.00,85.63,0.00,0.00,0.00
Toulouse,France,0.00,0.00,0.00,0.00,43.09,30.71,29.63,29.23,28.94,30.78,28.33
Casablanca,Morocco,0.00,0.00,0.00,0.00,0.00,22.62,25.47,26.05,33.80,34.16,30.84
Ostrava,Czech Republic,0.00,0.00,0.00,0.00,0.00,14.43,11.47,16.74,18.41,17.12,18.21
Miami,United States of America,75.00,51.67,35.00,44.63,46.00,46.12,58.54,54.74,60.42,61.67,67.46
Karachi,Pakistan,0.00,20.00,31.04,26.44,22.28,28.82,31.34,29.13,22.82,17.45,21.01
Lagos,Nigeria,0.00,0.00,91.67,79.12,0.00,72.01,77.65,0.00,41.50,45.24,40.95
Rio de Janeiro,Brazil,0.00,49.11,43.22,41.21,33.77,25.54,23.97,36.36,32.50,27.71,21.64
Seoul,South Korea,0.00,20.59,20.58,26.18,25.22,21.95,22.34,21.10,26.03,21.59,21.39
Shanghai,People's Republic of China,21.02,22.67,24.27,22.65,18.00,22.69,16.52,14.85,18.43,15.72,13.92
Bilbao,Spain,0.00,43.48,27.78,0.00,0.00,32.79,34.06,0.00,46.71,56.64,0.00
Seville,Spain,0.00,47.28,40.49,45.29,0.00,37.36,39.45,38.49,45.46,41.42,38.78
Vigo,Spain,0.00,0.00,0.00,0.00,0.00,0.00,0.00,0.00,0.00,46.27,0.00
Granada,Spain,0.00,0.00,0.00,0.00,0.00,0.00,38.15,0.00,60.00,53.73,34.51
Valencia,Spain,0.00,41.55,57.61,45.45,0.00,36.61,37.06,40.86,47.59,36.94,46.26
Palma,Spain,0.00,0.00,0.00,0.00,0.00,34.61,34.91,0.00,67.57,43.37,54.28
Malaga,Spain,0.00,0.00,0.00,41.13,49.44,34.35,37.12,42.44,48.38,41.04,49.54
Cancun,Mexico,0.00,0.00,0.00,25.11,0.00,32.24,26.42,0.00,27.16,28.29,24.83
Guadalajara,Mexico,0.00,0.00,24.39,29.92,32.50,25.86,19.26,30.38,25.20,30.46,25.48
Baku,Azerbaijan,0.00,43.48,37.94,34.17,32.51,20.05,14.17,13.43,14.08,17.46,18.32
Bandar Seri Begawan,Brunei,0.00,0.00,0.00,0.00,0.00,73.45,70.58,0.00,93.73,111.43,0.00
Male,Maldives,0.00,0.00,0.00,0.00,75.49,0.00,85.66,0.00,94.55,0.00,109.22
Bishkek,Kyrgyzstan,0.00,0.00,110.00,0.00,0.00,0.00,0.00,0.00,16.08,19.79,16.79
Coimbatore,India,0.00,0.00,0.00,19.91,22.53,24.11,16.25,14.84,16.55,11.95,10.98
Mysore,India,0.00,0.00,0.00,0.00,0.00,0.00,0.00,14.60,18.89,0.00,0.00
Bandung,Indonesia,0.00,0.00,0.00,53.25,0.00,32.78,31.19,80.12,39.14,0.00,29.09
Saskatoon,Canada,0.00,0.00,43.69,0.00,53.74,51.32,42.20,55.38,57.10,60.40,56.30
Belfast,United Kingdom,0.00,0.00,26.67,32.58,0.00,32.51,28.80,39.02,40.59,32.86,37.40
Cardiff,United Kingdom,0.00,0.00,0.00,32.83,0.00,32.68,30.18,0.00,38.79,39.28,41.07
Sarajevo,Bosnia and Herzegovina,21.40,21.74,18.39,17.14,15.73,13.46,14.22,18.27,25.33,25.65,22.84
Surabaya,Indonesia,0.00,0.00,0.00,0.00,0.00,0.00,25.52,41.57,30.22,0.00,30.20
Darwin,Australia,0.00,0.00,70.55,99.36,112.01,47.91,58.37,0.00,52.20,0.00,0.00
Lahore,Pakistan,0.00,28.33,31.08,26.22,29.07,27.73,33.20,24.63,25.83,22.18,18.86
Wuhan,People's Republic of China,0.00,0.00,0.00,0.00,0.00,0.00,0.00,0.00,13.98,0.00,0.00
Nagoya,Japan,0.00,0.00,0.00,0.00,0.00,0.00,0.00,0.00,0.00,40.87,0.00
Rajkot,India,0.00,0.00,0.00,0.00,0.00,0.00,0.00,0.00,0.00,10.49,0.00
Vadodara,India,0.00,0.00,0.00,57.23,19.43,16.04,10.66,0.00,6.77,7.45,8.10
Alicante,Spain,0.00,0.00,43.21,38.44,56.70,37.16,35.57,47.27,38.91,42.35,0.00
Nantes,France,0.00,0.00,0.00,0.00,0.00,26.44,0.00,0.00,34.26,0.00,0.00
Detroit,United States of America,35.00,32.50,45.00,47.49,41.25,50.44,54.67,55.00,59.00,51.91,75.00
Graz,Austria,0.00,0.00,0.00,0.00,0.00,24.62,22.97,28.40,39.71,36.41,43.96
Pisa,Italy,0.00,0.00,0.00,0.00,0.00,0.00,33.49,0.00,36.01,0.00,0.00
Tartu,Estonia,0.00,0.00,0.00,0.00,0.00,14.34,19.62,22.62,26.86,27.42,0.00
Brno,Czech Republic,0.00,27.56,17.64,19.42,19.38,14.43,16.04,16.34,20.97,18.81,18.29
Shenzhen,People's Republic of China,0.00,0.00,41.21,17.97,21.73,22.48,23.58,18.24,17.92,20.66,17.78
Nanaimo,Canada,0.00,0.00,0.00,0.00,41.46,0.00,42.59,50.02,66.88,65.67,0.00
Busan,South Korea,0.00,0.00,0.00,0.00,0.00,0.00,24.88,0.00,0.00,0.00,0.00
San Diego,United States of America,0.00,45.25,37.75,45.00,48.38,49.94,53.83,60.88,67.55,63.61,62.94
San Jose,United States of America,45.75,48.33,52.50,44.40,43.75,49.64,51.80,61.83,61.09,61.00,58.78
Denver,United States of America,41.67,45.00,37.00,52.37,37.95,51.55,55.05,63.57,63.47,56.29,62.76
Houston,United States of America,55.00,36.00,55.63,53.00,52.53,46.54,51.09,58.24,59.30,60.57,63.00
Phoenix,United States of America,0.00,49.60,35.00,39.75,60.17,51.83,50.27,64.62,69.45,75.38,76.50
Dallas,United States of America,40.00,56.67,31.00,63.00,45.00,45.15,50.04,53.77,59.96,65.50,65.33
Fort Worth,United States of America,54.00,0.00,0.00,0.00,55.50,40.43,46.45,57.00,59.46,57.92,72.00
Austin,United States of America,15.00,33.80,45.33,35.66,51.00,42.36,50.78,53.74,60.29,61.36,63.01
El Paso,United States of America,0.00,0.00,0.00,0.00,0.00,38.74,41.17,52.17,54.67,54.00,75.71
Memphis,United States of America,0.00,0.00,0.00,0.00,49.99,53.64,50.54,51.73,56.50,68.25,71.83
Charlotte,United States of America,31.00,77.50,49.50,40.50,0.00,49.06,55.35,48.53,58.30,56.41,61.77
Jacksonville,United States of America,0.00,0.00,0.00,38.00,57.40,49.43,70.79,64.28,76.27,61.89,80.00
Guangzhou,People's Republic of China,0.00,15.47,20.80,19.73,14.13,0.00,19.03,14.43,24.06,16.58,18.21
Nanjing,People's Republic of China,0.00,0.00,0.00,0.00,0.00,0.00,0.00,0.00,10.29,9.78,0.00
Long Beach,United States of America,0.00,0.00,0.00,0.00,0.00,0.00,48.86,53.22,61.43,60.63,67.50
Oakland,United States of America,0.00,0.00,0.00,0.00,0.00,65.00,55.85,62.64,72.29,64.50,65.82
Thessaloniki,Greece,20.99,32.79,21.33,23.03,24.95,20.40,22.78,24.67,34.28,33.94,35.12
Sacramento,United States of America,0.00,0.00,0.00,38.17,0.00,52.24,47.79,58.12,63.34,61.05,58.90
Honolulu,United States of America,22.00,64.50,58.33,43.80,45.00,46.50,50.93,50.79,56.26,58.30,63.14
Manchester,United Kingdom,14.49,40.98,35.38,27.27,26.13,29.87,25.83,31.86,36.80,37.68,38.22
Providence,United States of America,0.00,0.00,0.00,0.00,0.00,0.00,69.00,79.83,72.50,0.00,0.00
Brooklyn,United States of America,0.00,0.00,0.00,0.00,0.00,44.29,50.77,60.62,69.74,65.30,68.33
Tucson,United States of America,0.00,0.00,0.00,0.00,0.00,41.36,49.48,54.31,71.65,71.47,70.57
Simferopol,Russia,0.00,0.00,0.00,0.00,0.00,0.00,5.71,0.00,0.00,0.00,0.00
Bucharest,Romania,9.12,10.70,8.86,9.77,10.32,7.75,8.12,8.87,9.42,9.10,9.17
Tirana,Albania,0.00,46.89,24.35,22.47,24.89,15.86,16.89,18.33,24.55,21.73,21.16
Bath,United Kingdom,0.00,0.00,0.00,0.00,0.00,0.00,33.45,0.00,0.00,0.00,0.00
Bradford,United Kingdom,0.00,0.00,0.00,0.00,0.00,0.00,0.00,0.00,0.00,31.96,0.00
Red Deer,Canada,0.00,0.00,0.00,0.00,0.00,56.07,52.67,0.00,65.34,62.19,56.24
Bristol,United Kingdom,0.00,0.00,0.00,0.00,46.47,30.21,30.72,37.89,39.48,40.69,39.06
Nashville,United States of America,0.00,0.00,45.00,45.60,50.00,53.13,56.92,55.95,68.63,67.86,72.00
Salt Lake City,United States of America,0.00,0.00,53.33,54.17,55.56,41.56,46.43,54.88,58.67,61.15,63.41
Ulaanbaatar,Mongolia,0.00,0.00,0.00,36.39,0.00,30.25,0.00,13.49,0.00,16.18,0.00
Edinburgh,United Kingdom,0.00,33.33,23.08,29.55,29.65,32.42,31.97,36.47,41.05,36.90,38.25
Marseille,France,0.00,0.00,0.00,0.00,0.00,25.50,31.01,34.71,37.36,26.19,0.00
Atlanta,United States of America,38.00,57.00,44.25,48.78,49.00,50.48,48.85,55.65,64.09,67.90,65.57
Podgorica,Montenegro,0.00,0.00,0.00,0.00,0.00,25.14,20.43,26.87,30.84,25.14,24.29
Wellington,New Zealand,40.82,66.12,53.98,91.80,72.94,59.62,59.40,59.23,56.15,54.44,51.38
Las Vegas,United States of America,21.67,30.00,38.00,50.00,41.67,49.10,55.25,59.47,64.58,71.80,76.09
Valletta,Malta,0.00,0.00,0.00,0.00,0.00,0.00,23.84,0.00,0.00,0.00,0.00
Vancouver,Canada,39.26,48.57,40.18,47.57,45.03,44.90,46.53,50.88,58.53,53.00,59.41
Liverpool,United Kingdom,0.00,0.00,36.15,0.00,0.00,39.87,27.19,28.35,36.12,35.85,37.56
Albany,United States of America,0.00,0.00,0.00,0.00,0.00,0.00,59.80,60.00,67.22,75.67,68.00
Bremen,Germany,0.00,0.00,0.00,0.00,0.00,27.30,34.06,0.00,32.11,35.38,0.00
Uppsala,Sweden,0.00,0.00,0.00,0.00,0.00,0.00,0.00,36.21,33.52,32.98,0.00
Gothenburg,Sweden,0.00,30.99,26.62,0.00,0.00,23.81,30.95,27.78,31.64,34.62,33.90
Kosice,Slovakia,0.00,0.00,0.00,0.00,0.00,16.17,18.77,20.00,22.49,17.89,0.00
Funchal,Portugal,0.00,0.00,0.00,0.00,0.00,0.00,0.00,0.00,0.00,0.00,32.57
Batumi,Georgia,0.00,0.00,0.00,0.00,0.00,0.00,0.00,0.00,0.00,12.12,14.50
Trondheim,Norway,0.00,46.64,54.20,55.17,49.95,44.89,0.00,46.07,75.67,58.08,0.00
Jersey City,United States of America,0.00,0.00,0.00,0.00,0.00,49.00,56.00,52.20,66.11,69.50,59.17
Bergen,Norway,0.00,0.00,50.32,0.00,49.88,40.47,42.49,50.41,52.64,53.98,50.67
Martin,Slovakia,0.00,0.00,0.00,0.00,0.00,0.00,17.48,0.00,0.00,0.00,0.00
Baton Rouge,United States of America,0.00,0.00,0.00,0.00,0.00,56.60,0.00,60.60,67.18,70.33,66.28
Lincoln,United States of America,0.00,0.00,0.00,0.00,0.00,50.80,0.00,0.00,57.00,72.00,0.00
Springfield,United States of America,0.00,0.00,0.00,0.00,0.00,0.00,0.00,0.00,71.86,0.00,0.00
Saint Paul,United States of America,0.00,0.00,0.00,0.00,0.00,44.75,36.60,53.00,62.06,60.00,0.00
Chengdu,People's Republic of China,0.00,0.00,0.00,0.00,0.00,0.00,0.00,11.89,19.81,13.87,0.00
Heredia,Costa Rica,0.00,0.00,0.00,0.00,0.00,0.00,0.00,0.00,0.00,0.00,41.67
Burlington,United States of America,0.00,0.00,0.00,0.00,0.00,0.00,57.67,67.33,53.60,0.00,0.00
Krakow,Poland,0.00,21.40,14.51,15.76,16.38,12.69,12.38,13.43,14.06,14.12,13.90
Little Rock,United States of America,0.00,0.00,0.00,0.00,48.67,48.80,45.82,53.17,54.17,68.00,55.83
Hartford,United States of America,20.00,0.00,0.00,0.00,0.00,0.00,53.00,0.00,65.83,0.00,0.00
Nice,France,0.00,0.00,0.00,0.00,36.74,35.22,28.36,0.00,28.14,30.78,34.14
Fargo,United States of America,0.00,0.00,0.00,0.00,0.00,0.00,0.00,0.00,60.33,0.00,0.00
Thunder Bay,Canada,0.00,0.00,0.00,0.00,0.00,0.00,0.00,0.00,56.95,59.62,0.00
Barrie,Canada,0.00,0.00,0.00,58.65,0.00,51.42,0.00,0.00,0.00,60.61,0.00
Oxford,United Kingdom,0.00,0.00,0.00,41.79,0.00,33.16,32.83,33.93,45.71,40.13,45.40
Burlington,Canada,0.00,0.00,0.00,0.00,0.00,0.00,0.00,0.00,57.64,55.80,0.00
New Orleans,United States of America,0.00,0.00,0.00,39.67,0.00,55.60,67.36,58.57,74.02,68.73,73.66
Johannesburg,South Africa,0.00,84.29,62.19,85.69,65.02,63.02,57.10,67.50,74.93,64.67,54.41
Kingston,Jamaica,0.00,0.00,0.00,30.53,24.60,0.00,32.01,0.00,41.96,36.09,0.00
Salzburg,Austria,0.00,0.00,0.00,0.00,0.00,0.00,0.00,28.92,0.00,34.48,0.00
Dayton,United States of America,0.00,0.00,0.00,0.00,0.00,0.00,56.75,50.71,62.14,59.25,61.66
Albuquerque,United States of America,0.00,0.00,0.00,56.20,0.00,42.00,51.00,83.60,65.47,63.50,76.11
Santo Domingo,Dominican Republic,0.00,0.00,0.00,72.68,74.68,49.51,51.42,48.62,61.39,55.35,45.02
Oklahoma City,United States of America,0.00,0.00,0.00,53.33,44.80,50.90,62.33,66.43,70.12,73.45,63.79
Brisbane,Australia,46.61,55.32,53.40,68.89,68.57,54.44,51.94,54.87,57.40,52.91,51.69
Kuwait City,Kuwait,0.00,0.00,0.00,66.67,0.00,55.49,42.61,0.00,27.40,24.00,22.04
Colombo,Sri Lanka,0.00,21.35,23.98,19.22,11.07,42.43,17.52,17.24,16.06,15.88,17.42
Almaty,Kazakhstan,0.00,0.00,32.25,27.83,21.69,21.09,11.90,12.31,12.47,11.55,11.34
Osaka,Japan,0.00,0.00,0.00,0.00,0.00,34.45,0.00,0.00,40.59,48.03,0.00
Boise,United States of America,0.00,0.00,0.00,42.50,0.00,47.22,46.07,53.39,57.86,57.08,63.91
Izmir,Turkey,0.00,0.00,31.83,30.89,25.87,19.46,18.73,17.11,17.49,14.36,14.84
Lviv,Ukraine,0.00,0.00,0.00,7.26,4.19,3.10,2.99,3.68,4.06,4.39,5.04
Minneapolis,United States of America,0.00,0.00,52.60,44.00,52.20,47.80,50.53,49.61,58.79,56.50,63.06
Calgary,Canada,44.47,44.67,56.63,48.03,54.75,42.94,47.12,48.10,58.73,58.56,55.97
Aberdeen,United Kingdom,0.00,0.00,28.84,31.67,0.00,30.76,34.76,39.25,38.46,41.71,32.40
Porto,Portugal,0.00,28.99,27.56,29.22,31.47,25.20,29.16,29.89,34.42,34.37,35.33
Cork,Ireland,0.00,0.00,49.69,0.00,35.72,44.18,45.03,52.58,58.59,54.51,49.24
Salvador,Brazil,0.00,0.00,0.00,0.00,0.00,21.04,0.00,24.27,36.87,39.18,18.79
Tallahassee,United States of America,0.00,0.00,0.00,0.00,0.00,0.00,58.00,0.00,61.06,72.00,74.17
Auckland,New Zealand,33.19,82.64,65.04,76.18,75.95,59.65,59.56,61.85,59.92,54.53,49.58
Cleveland,United States of America,0.00,0.00,0.00,0.00,0.00,52.00,45.08,48.64,55.45,60.79,61.67
Lublin,Poland,0.00,0.00,0.00,0.00,0.00,12.61,8.71,12.78,0.00,0.00,0.00
Milwaukee,United States of America,0.00,40.00,0.00,43.33,40.00,39.50,49.63,58.07,57.39,60.90,63.89
Yangon,Myanmar,0.00,0.00,0.00,116.67,0.00,0.00,0.00,0.00,0.00,0.00,0.00
Columbia,United States of America,0.00,0.00,0.00,0.00,44.00,0.00,51.56,74.43,58.60,61.17,0.00
Turku,Finland,0.00,0.00,0.00,0.00,0.00,23.74,21.88,20.33,26.69,0.00,22.99
Adana,Turkey,0.00,0.00,0.00,0.00,0.00,0.00,16.80,17.91,14.01,15.18,13.22
Santa Fe,United States of America,0.00,0.00,0.00,0.00,0.00,0.00,0.00,0.00,64.00,75.00,0.00
Suva,Fiji,0.00,0.00,0.00,0.00,0.00,0.00,0.00,0.00,0.00,36.63,0.00
Leeds,United Kingdom,14.56,0.00,38.46,0.00,35.17,30.57,31.39,33.94,46.30,32.02,37.15
Port of Spain,Trinidad and Tobago,0.00,0.00,0.00,42.26,0.00,32.58,32.05,37.58,44.56,46.94,49.66
Sochi,Russia,0.00,0.00,0.00,0.00,0.00,0.00,0.00,0.00,0.00,7.51,0.00
Anchorage,United States of America,0.00,0.00,0.00,78.50,0.00,83.33,107.33,100.00,109.08,134.36,109.55
Des Moines,United States of America,0.00,0.00,0.00,0.00,0.00,39.80,45.15,66.50,62.80,70.00,81.99
Hobart,Australia,0.00,0.00,0.00,0.00,0.00,0.00,0.00,0.00,0.00,52.64,57.82
Manaus,Brazil,0.00,0.00,0.00,0.00,0.00,0.00,31.70,41.75,47.27,29.66,23.68
Porto Alegre,Brazil,0.00,52.18,34.48,38.86,32.72,24.30,26.25,34.58,35.29,31.13,21.84
Buffalo,United States of America,0.00,0.00,0.00,0.00,54.00,61.40,44.75,63.50,69.80,58.75,73.18
Bursa,Turkey,0.00,0.00,0.00,0.00,31.14,21.01,18.42,18.17,14.12,14.70,16.08
Tampere,Finland,0.00,0.00,0.00,29.22,0.00,16.24,0.00,27.52,27.93,29.85,0.00
Raleigh,United States of America,0.00,0.00,42.00,41.80,55.00,46.24,48.21,56.74,57.41,54.83,58.17
Bydgoszcz,Poland,0.00,0.00,0.00,0.00,0.00,0.00,15.46,0.00,15.47,13.61,14.50
Nottingham,United Kingdom,0.00,0.00,40.26,25.25,0.00,32.93,26.90,27.61,34.48,42.21,35.28
Linz,Austria,0.00,0.00,0.00,0.00,0.00,21.84,22.70,25.30,31.03,30.85,33.57
Mykolaiv,Ukraine,0.00,0.00,0.00,0.00,0.00,0.00,0.00,0.00,3.66,4.04,4.37
Haifa,Israel,0.00,0.00,25.13,24.46,23.59,19.36,22.80,23.04,24.48,26.28,22.27
Kansas City,United States of America,38.33,45.00,43.33,43.75,36.00,45.33,49.60,58.25,56.41,65.45,62.58
Beersheba,Israel,0.00,0.00,0.00,0.00,0.00,22.27,0.00,0.00,0.00,0.00,0.00
Isfahan,Iran,0.00,0.00,0.00,0.00,0.00,0.00,0.00,0.00,22.89,0.00,0.00
Kharkiv,Ukraine,0.00,0.00,12.47,8.96,8.32,4.62,3.77,4.71,5.23,5.51,6.04
Sheffield,United Kingdom,0.00,0.00,0.00,0.00,0.00,0.00,29.62,29.82,31.35,33.00,35.50
York,United Kingdom,0.00,0.00,0.00,0.00,0.00,0.00,30.73,0.00,0.00,0.00,0.00
Suzhou,People's Republic of China,0.00,0.00,0.00,0.00,0.00,0.00,0.00,0.00,0.00,10.86,0.00
Olympia,United States of America,0.00,0.00,0.00,0.00,0.00,0.00,0.00,0.00,81.33,99.00,0.00
Belo Horizonte,Brazil,0.00,69.62,40.01,41.66,30.28,20.80,24.64,38.06,34.52,28.87,22.46
Cincinnati,United States of America,0.00,0.00,0.00,61.67,0.00,42.89,44.33,62.07,50.21,55.17,57.45
Omaha,United States of America,0.00,0.00,0.00,31.67,0.00,62.33,54.25,63.96,74.23,70.73,81.66
Fresno,United States of America,0.00,0.00,0.00,0.00,0.00,0.00,56.14,55.62,77.00,65.89,0.00
Plymouth,United Kingdom,0.00,0.00,0.00,0.00,0.00,0.00,0.00,0.00,0.00,0.00,31.58
Richmond,United States of America,34.00,0.00,36.33,56.67,70.00,58.00,64.85,75.00,49.35,72.17,62.56
Chandigarh,India,23.01,18.53,17.34,21.59,27.60,34.94,27.95,21.74,13.34,11.78,15.27
Plzen,Czech Republic,0.00,0.00,0.00,0.00,0.00,0.00,0.00,0.00,0.00,16.42,0.00
Fortaleza,Brazil,0.00,0.00,0.00,0.00,0.00,26.43,21.16,33.72,29.54,25.94,17.87
Derby,United Kingdom,0.00,0.00,0.00,0.00,0.00,0.00,25.62,33.89,0.00,37.92,0.00
Guayaquil,Ecuador,0.00,0.00,0.00,0.00,0.00,40.86,34.60,51.08,41.57,43.18,47.90
Louisville,United States of America,0.00,0.00,0.00,43.33,0.00,48.25,56.00,52.11,59.18,53.50,52.60
Madison,United States of America,0.00,0.00,0.00,31.25,37.50,45.45,50.94,57.25,53.09,55.13,57.22
Salem,United States of America,0.00,0.00,0.00,0.00,0.00,0.00,0.00,0.00,65.44,60.83,69.80
Markham,Canada,0.00,0.00,0.00,0.00,0.00,0.00,0.00,0.00,43.73,46.19,52.21
La Plata,Argentina,0.00,0.00,0.00,0.00,0.00,0.00,0.00,0.00,0.00,40.30,0.00
Brampton,Canada,0.00,0.00,0.00,0.00,0.00,0.00,43.89,0.00,52.92,39.20,48.32
Cordoba,Argentina,0.00,0.00,0.00,0.00,0.00,0.00,33.80,54.37,42.66,27.97,25.16
Mendoza,Argentina,0.00,0.00,0.00,0.00,0.00,0.00,0.00,0.00,56.75,0.00,27.03
Tulsa,United States of America,0.00,0.00,0.00,0.00,0.00,47.00,59.45,77.56,73.53,66.27,69.00
Coimbra,Portugal,0.00,28.99,23.77,29.87,24.90,0.00,30.88,32.64,50.36,0.00,34.24
Espoo,Finland,0.00,0.00,0.00,0.00,0.00,0.00,20.21,0.00,18.96,0.00,21.13
Oulu,Finland,0.00,0.00,0.00,0.00,18.10,0.00,14.54,0.00,29.91,22.08,0.00
Palo Alto,United States of America,0.00,0.00,0.00,0.00,0.00,0.00,0.00,0.00,0.00,75.80,0.00
Charleston,United States of America,0.00,0.00,0.00,0.00,0.00,0.00,59.00,53.75,74.99,61.66,0.00
Lucknow,India,0.00,0.00,0.00,0.00,0.00,23.58,18.12,13.59,11.01,9.28,8.15
Dnipro,Ukraine,0.00,0.00,0.00,7.21,4.03,3.77,3.53,4.23,4.71,5.02,5.34
Medellin,Colombia,0.00,0.00,35.00,25.65,0.00,29.24,25.17,29.88,40.26,37.74,30.02
Kayseri,Turkey,0.00,0.00,0.00,0.00,0.00,0.00,0.00,0.00,0.00,0.00,15.49
Recife,Brazil,0.00,0.00,0.00,0.00,31.12,26.24,24.83,36.10,36.08,30.65,20.74
Amritsar,India,0.00,0.00,0.00,0.00,0.00,0.00,0.00,0.00,20.82,0.00,0.00
San Luis Obispo,United States of America,0.00,0.00,0.00,0.00,0.00,0.00,0.00,0.00,0.00,64.20,0.00
Cambridge,United States of America,0.00,0.00,0.00,0.00,0.00,0.00,0.00,0.00,64.43,68.75,67.50
New Haven,United States of America,0.00,0.00,0.00,0.00,0.00,0.00,50.83,0.00,0.00,0.00,0.00
Stamford,United States of America,0.00,0.00,0.00,0.00,0.00,0.00,0.00,0.00,63.00,0.00,0.00
Portland,United States of America,0.00,0.00,0.00,0.00,0.00,53.50,43.99,49.00,0.00,61.37,0.00
Rochester,United States of America,0.00,0.00,0.00,0.00,0.00,47.50,51.09,54.22,54.20,59.11,63.00
Irvine,United States of America,0.00,0.00,0.00,0.00,0.00,47.14,55.88,66.13,66.25,65.00,71.00
Fremont,United States of America,0.00,0.00,0.00,0.00,0.00,0.00,41.50,0.00,49.17,53.20,65.71
Scottsdale,United States of America,0.00,0.00,0.00,0.00,0.00,0.00,0.00,0.00,85.43,0.00,81.25
Reno,United States of America,0.00,0.00,0.00,0.00,24.00,48.10,46.56,49.85,62.88,59.17,59.85
Winston-Salem,United States of America,0.00,0.00,0.00,0.00,0.00,0.00,0.00,0.00,0.00,45.00,0.00
Durham,United States of America,0.00,0.00,0.00,0.00,0.00,0.00,0.00,0.00,0.00,58.33,67.00
Orlando,United States of America,0.00,38.33,44.17,58.00,54.17,54.84,57.66,56.37,61.27,65.16,67.08
Greensboro,United States of America,0.00,0.00,0.00,0.00,0.00,43.60,51.11,51.00,0.00,58.33,62.00
Toledo,United States of America,0.00,0.00,0.00,0.00,0.00,0.00,49.00,69.37,65.00,65.90,0.00
Lexington,United States of America,0.00,0.00,0.00,0.00,0.00,37.50,45.80,52.50,54.00,67.50,75.00
Corpus Christi,United States of America,0.00,0.00,0.00,0.00,0.00,0.00,0.00,0.00,51.41,71.25,0.00
Riverside,United States of America,0.00,0.00,0.00,0.00,0.00,42.60,50.00,0.00,60.56,54.50,0.00
Aurora,United States of America,0.00,0.00,0.00,0.00,0.00,0.00,0.00,0.00,0.00,72.17,0.00
Anaheim,United States of America,0.00,0.00,0.00,0.00,0.00,55.00,0.00,78.00,0.00,67.50,0.00
Tampa,United States of America,75.00,20.00,48.14,50.71,40.00,49.35,57.00,55.71,61.06,57.80,63.00
Bakersfield,United States of America,0.00,0.00,0.00,0.00,0.00,0.00,0.00,59.17,72.44,82.50,0.00
Colorado Springs,United States of America,0.00,0.00,0.00,0.00,0.00,49.00,68.44,64.29,61.88,65.27,68.33
Virginia Beach,United States of America,0.00,0.00,0.00,0.00,0.00,56.00,59.17,0.00,0.00,75.00,0.00
Mesa,United States of America,0.00,0.00,0.00,0.00,0.00,0.00,0.00,0.00,67.67,68.13,0.00
Wichita,United States of America,0.00,0.00,0.00,0.00,0.00,50.20,54.72,54.80,69.62,69.17,61.12
Henderson,United States of America,0.00,0.00,0.00,0.00,0.00,0.00,0.00,0.00,67.80,0.00,0.00
Fort Wayne,United States of America,0.00,0.00,0.00,0.00,0.00,0.00,45.00,0.00,0.00,53.33,0.00
Lubbock,United States of America,0.00,0.00,0.00,0.00,0.00,0.00,0.00,61.00,58.13,0.00,63.75
Mississauga,Canada,0.00,0.00,0.00,48.08,43.30,45.89,41.42,46.12,57.24,44.39,52.21
Cali,Colombia,0.00,0.00,0.00,0.00,0.00,33.92,21.46,26.03,37.30,24.48,26.36
Tempe,United States of America,0.00,0.00,0.00,0.00,0.00,0.00,0.00,69.16,81.80,73.11,0.00
Plano,United States of America,0.00,0.00,0.00,0.00,0.00,0.00,57.80,0.00,47.17,64.00,0.00
Amarillo,United States of America,0.00,0.00,0.00,0.00,0.00,0.00,0.00,0.00,0.00,46.00,0.00
Chiang Mai,Thailand,0.00,22.02,18.50,0.00,16.52,17.91,17.06,18.47,24.68,22.12,20.08
Rosario,Argentina,0.00,0.00,0.00,0.00,0.00,0.00,0.00,43.99,42.56,36.69,23.98
Cuenca,Ecuador,0.00,0.00,0.00,0.00,0.00,36.72,49.71,33.27,41.25,34.62,44.40
Novi Sad,Serbia,0.00,26.09,21.06,21.28,18.47,13.47,13.35,15.17,23.61,21.56,23.31
Punta del Este,Uruguay,0.00,0.00,32.92,0.00,0.00,0.00,0.00,0.00,0.00,0.00,0.00
Newcastle,Australia,0.00,0.00,0.00,0.00,0.00,56.26,0.00,49.76,68.40,57.10,0.00
Chihuahua City,Mexico,0.00,0.00,0.00,0.00,0.00,0.00,0.00,21.72,0.00,25.80,0.00
Navi Mumbai,India,0.00,0.00,0.00,19.47,21.41,22.01,15.32,15.38,10.71,8.28,14.61
Barranquilla,Colombia,0.00,0.00,0.00,0.00,0.00,0.00,0.00,33.56,33.92,24.18,28.79
Jaipur,India,0.00,0.00,0.00,0.00,25.07,23.00,15.90,25.47,18.22,11.81,11.41
Indore,India,0.00,0.00,0.00,0.00,28.31,20.10,13.62,25.11,13.22,7.11,15.18
Zug,Switzerland,0.00,0.00,0.00,0.00,0.00,48.65,0.00,0.00,0.00,0.00,0.00
Portsmouth,United Kingdom,0.00,0.00,0.00,0.00,0.00,0.00,32.14,0.00,0.00,0.00,0.00
Southampton,United Kingdom,0.00,0.00,0.00,0.00,0.00,0.00,28.56,0.00,37.73,36.44,0.00
Konya,Turkey,0.00,0.00,0.00,0.00,0.00,0.00,0.00,0.00,0.00,14.79,16.16
Huntsville,United States of America,0.00,0.00,0.00,0.00,66.67,0.00,63.60,53.00,54.33,59.80,0.00
Mobile,United States of America,0.00,0.00,0.00,0.00,0.00,0.00,52.20,51.20,54.00,56.56,0.00
Debrecen,Hungary,0.00,0.00,0.00,0.00,0.00,13.09,11.51,13.01,13.43,16.63,12.66
Christchurch,New Zealand,48.47,34.80,48.87,67.20,60.14,57.81,53.90,61.02,59.65,54.30,48.66
Patna,India,0.00,0.00,0.00,0.00,0.00,0.00,0.00,0.00,0.00,12.57,12.98
Shreveport,United States of America,0.00,0.00,0.00,0.00,0.00,0.00,58.73,0.00,0.00,0.00,0.00
Bhopal,India,0.00,0.00,0.00,0.00,28.73,0.00,17.84,0.00,16.54,0.00,10.43
Monterrey,Mexico,0.00,57.59,29.04,39.81,41.45,29.95,21.50,24.36,26.05,27.69,25.13
Olomouc,Czech Republic,0.00,0.00,0.00,0.00,0.00,0.00,14.70,0.00,0.00,0.00,0.00
Szeged,Hungary,0.00,0.00,0.00,0.00,0.00,0.00,0.00,0.00,13.67,12.86,15.56
Giza,Egypt,0.00,0.00,0.00,0.00,0.00,0.00,51.80,0.00,0.00,0.00,0.00
Santos,Brazil,0.00,0.00,0.00,0.00,0.00,0.00,0.00,29.73,31.29,27.49,22.06
Leicester,United Kingdom,0.00,0.00,0.00,0.00,0.00,24.70,23.41,30.16,37.13,30.33,37.15
Goiania,Brazil,0.00,0.00,0.00,0.00,0.00,21.83,34.29,0.00,35.24,29.30,23.21
Sibiu,Romania,0.00,0.00,0.00,0.00,0.00,8.71,8.40,7.33,9.52,9.58,7.73
Savannah,United States of America,0.00,0.00,0.00,0.00,0.00,0.00,0.00,0.00,69.63,59.50,0.00
London,Canada,0.00,0.00,0.00,41.67,46.68,42.25,47.96,55.51,47.19,53.58,52.21
Rawalpindi,Pakistan,0.00,0.00,0.00,46.27,0.00,0.00,0.00,0.00,20.22,20.43,24.24
Oradea,Romania,0.00,0.00,0.00,0.00,0.00,0.00,0.00,10.02,8.60,8.47,8.99
Cluj-Napoca,Romania,7.52,11.42,9.30,9.23,10.77,7.85,7.91,8.07,8.68,8.31,8.51
Leuven,Belgium,0.00,0.00,0.00,0.00,0.00,0.00,0.00,0.00,62.02,52.19,53.00
Mashhad,Iran,0.00,0.00,0.00,0.00,0.00,0.00,90.69,0.00,30.57,26.50,0.00
Dundee,United Kingdom,0.00,0.00,0.00,0.00,0.00,0.00,0.00,0.00,52.25,37.74,0.00
Tijuana,Mexico,0.00,0.00,0.00,0.00,0.00,28.63,23.81,0.00,24.14,23.41,21.91
Port Elizabeth,South Africa,0.00,0.00,0.00,0.00,0.00,0.00,45.83,0.00,72.85,0.00,56.76
Tangier,Morocco,0.00,0.00,0.00,0.00,0.00,0.00,0.00,0.00,27.38,0.00,0.00
Antibes,France,0.00,0.00,0.00,0.00,0.00,0.00,0.00,0.00,0.00,24.44,0.00
Mangalore,India,0.00,0.00,0.00,0.00,0.00,0.00,0.00,0.00,0.00,7.90,0.00
Kingston upon Hull,United Kingdom,0.00,0.00,0.00,0.00,0.00,0.00,0.00,0.00,60.68,60.92,0.00
Nis,Serbia,0.00,0.00,0.00,0.00,0.00,0.00,12.78,13.03,22.12,18.10,16.52
Galway,Ireland,0.00,0.00,0.00,41.08,0.00,38.80,43.85,0.00,75.65,54.10,60.52
Norwich,United Kingdom,0.00,0.00,0.00,0.00,0.00,28.88,31.90,0.00,0.00,0.00,34.67
Banja Luka,Bosnia and Herzegovina,0.00,27.78,25.89,22.45,20.13,17.93,16.26,20.84,24.00,24.29,22.79
Sioux Falls,United States of America,0.00,0.00,0.00,0.00,0.00,0.00,51.60,0.00,59.00,0.00,66.40
Brighton,United Kingdom,0.00,0.00,0.00,22.73,0.00,31.70,30.49,35.89,49.18,39.39,37.15
Natal,Brazil,0.00,0.00,0.00,0.00,46.11,0.00,27.38,26.25,32.08,26.76,14.96
Hanover,United States of America,0.00,0.00,0.00,0.00,0.00,0.00,0.00,0.00,74.78,0.00,0.00
Erbil,Iraq,0.00,0.00,0.00,0.00,0.00,55.94,46.85,41.44,40.08,39.11,37.54
Florianopolis,Brazil,0.00,0.00,0.00,55.14,34.18,23.53,25.44,32.79,35.40,33.52,20.33
Dunedin,New Zealand,0.00,0.00,0.00,0.00,0.00,0.00,0.00,58.43,62.71,0.00,45.85
Hamilton,Canada,0.00,0.00,0.00,0.00,0.00,41.19,54.05,46.47,53.89,55.09,58.76
Patras,Greece,0.00,0.00,0.00,0.00,0.00,20.36,22.86,23.96,31.39,0.00,0.00
Limerick,Ireland,0.00,0.00,0.00,0.00,0.00,37.34,46.83,0.00,68.16,0.00,0.00
Exeter,United Kingdom,0.00,0.00,0.00,0.00,0.00,0.00,0.00,35.40,0.00,39.39,36.40
Springfield,United States of America,0.00,0.00,0.00,0.00,0.00,42.79,55.00,50.80,0.00,0.00,0.00
Kota Kinabalu,Malaysia,0.00,0.00,0.00,0.00,0.00,0.00,0.00,0.00,0.00,29.48,0.00
Sherbrooke,Canada,0.00,0.00,0.00,0.00,0.00,0.00,0.00,0.00,54.94,0.00,0.00
Gold Coast,Australia,0.00,0.00,64.40,65.71,67.11,63.45,64.30,59.16,51.95,50.45,0.00
Laval,Canada,0.00,0.00,0.00,0.00,0.00,0.00,0.00,0.00,59.42,0.00,0.00
Gatineau,Canada,0.00,0.00,0.00,0.00,0.00,0.00,49.08,44.25,0.00,0.00,0.00
Allentown,United States of America,0.00,0.00,0.00,0.00,0.00,55.00,0.00,0.00,0.00,0.00,0.00
Zapopan,Mexico,0.00,0.00,0.00,0.00,0.00,0.00,0.00,0.00,22.46,24.84,23.63
Ivano-Frankivsk,Ukraine,0.00,0.00,0.00,0.00,0.00,0.00,0.00,0.00,0.00,3.66,5.27
Ternopil,Ukraine,0.00,0.00,0.00,0.00,0.00,0.00,0.00,0.00,0.00,3.90,0.00
Sumy,Ukraine,0.00,0.00,0.00,0.00,0.00,0.00,1.87,0.00,3.84,3.93,4.22
Joinville,Brazil,0.00,0.00,0.00,0.00,0.00,0.00,0.00,0.00,40.20,30.80,22.89
Vinnytsia,Ukraine,0.00,0.00,0.00,0.00,0.00,0.00,0.00,0.00,5.54,4.57,0.00
Santa Cruz,United States of America,0.00,0.00,0.00,0.00,0.00,0.00,68.00,0.00,52.50,0.00,76.00
Santa Clara,United States of America,0.00,0.00,0.00,0.00,0.00,0.00,0.00,0.00,0.00,54.00,60.00
Santa Barbara,United States of America,0.00,0.00,0.00,0.00,52.33,0.00,67.99,60.56,58.57,61.00,95.71
Samsun,Turkey,0.00,0.00,0.00,0.00,0.00,0.00,0.00,0.00,13.91,13.66,14.27
Heraklion,Greece,0.00,0.00,0.00,0.00,0.00,18.14,23.39,0.00,26.86,25.00,34.38
Reading,United Kingdom,0.00,0.00,34.61,0.00,0.00,0.00,27.17,34.66,33.16,50.05,44.58
Akron,United States of America,0.00,0.00,0.00,45.00,0.00,0.00,0.00,0.00,0.00,68.83,60.86
West Palm Beach,United States of America,0.00,0.00,0.00,0.00,0.00,0.00,47.00,64.86,70.21,0.00,62.80
Merida,Mexico,0.00,0.00,0.00,0.00,0.00,20.83,24.07,24.20,26.63,26.51,25.56
Fort Lauderdale,United States of America,0.00,0.00,0.00,46.25,60.00,54.00,49.33,79.01,58.45,64.17,51.75
Billings,United States of America,0.00,0.00,0.00,0.00,0.00,0.00,0.00,0.00,62.80,0.00,0.00
Kalamazoo,United States of America,0.00,0.00,0.00,0.00,0.00,0.00,0.00,0.00,41.13,61.00,61.87
Joao Pessoa,Brazil,0.00,0.00,0.00,0.00,0.00,0.00,0.00,0.00,0.00,28.03,16.85
Thiruvananthapuram,India,0.00,0.00,69.34,18.29,15.35,21.96,23.01,0.00,14.21,9.98,10.96
Craiova,Romania,0.00,0.00,0.00,0.00,0.00,0.00,8.31,0.00,11.13,7.76,0.00
Vitoria,Brazil,0.00,0.00,0.00,0.00,0.00,29.75,25.07,34.89,41.63,38.52,0.00
Eskisehir,Turkey,0.00,0.00,0.00,0.00,0.00,16.64,20.65,18.85,14.99,13.57,0.00
Campo Grande,Brazil,0.00,0.00,0.00,0.00,0.00,0.00,0.00,0.00,0.00,28.84,0.00
Bournemouth,United Kingdom,0.00,0.00,0.00,0.00,0.00,0.00,0.00,0.00,0.00,40.44,0.00
Agadir,Morocco,0.00,0.00,0.00,0.00,0.00,0.00,0.00,0.00,31.64,31.75,25.39
Pattaya,Thailand,0.00,0.00,22.25,21.65,20.44,18.13,19.19,19.14,19.58,24.20,22.15
Eugene,United States of America,0.00,0.00,0.00,0.00,0.00,45.80,47.50,53.00,71.00,63.80,67.60
Campinas,Brazil,0.00,0.00,0.00,0.00,31.46,22.77,26.12,28.27,29.90,29.52,22.99
Bhubaneswar,India,0.00,0.00,0.00,19.37,17.18,17.69,18.30,0.00,12.39,10.06,9.43
Larnaca,Cyprus,0.00,0.00,0.00,0.00,0.00,0.00,0.00,41.44,43.87,0.00,50.10
Peterborough,United Kingdom,0.00,0.00,0.00,0.00,0.00,0.00,0.00,0.00,46.82,0.00,0.00
Veliko Tarnovo,Bulgaria,0.00,0.00,0.00,0.00,0.00,0.00,0.00,0.00,11.35,0.00,0.00
Arad,Romania,0.00,0.00,0.00,0.00,0.00,7.77,11.03,0.00,9.66,8.74,0.00
Faisalabad,Pakistan,0.00,0.00,0.00,0.00,0.00,0.00,0.00,0.00,0.00,28.94,32.20
Wilmington,United States of America,0.00,0.00,0.00,0.00,0.00,0.00,0.00,0.00,62.00,53.50,0.00
Niteroi,Brazil,0.00,0.00,0.00,0.00,0.00,0.00,0.00,0.00,32.77,0.00,0.00
Paphos,Cyprus,0.00,0.00,0.00,0.00,0.00,45.90,0.00,0.00,0.00,45.75,48.99
Grand Rapids,United States of America,0.00,0.00,0.00,0.00,0.00,40.74,56.00,52.43,60.83,58.17,66.00
Ipswich,United Kingdom,0.00,0.00,0.00,0.00,0.00,0.00,0.00,0.00,38.64,0.00,0.00
Baia Mare,Romania,0.00,0.00,0.00,0.00,0.00,0.00,0.00,0.00,0.00,9.76,0.00
Knoxville,United States of America,0.00,0.00,0.00,0.00,43.33,49.00,48.33,53.00,51.83,59.78,69.88
Limassol,Cyprus,0.00,0.00,58.64,42.14,0.00,35.57,37.12,42.32,50.35,44.36,42.23
Chattanooga,United States of America,0.00,0.00,0.00,0.00,0.00,57.40,54.16,72.50,56.75,66.00,66.00
Spokane,United States of America,0.00,0.00,0.00,0.00,0.00,48.75,56.11,63.33,66.80,63.60,59.87
Hermosillo,Mexico,0.00,0.00,0.00,0.00,0.00,0.00,0.00,0.00,31.74,23.80,0.00
Sao Jose dos Campos,Brazil,0.00,94.94,0.00,0.00,0.00,0.00,17.25,0.00,35.09,24.97,21.96
Northampton,United Kingdom,0.00,0.00,0.00,0.00,0.00,0.00,23.99,0.00,37.58,0.00,0.00
Boulder,United States of America,0.00,0.00,0.00,0.00,0.00,61.00,48.00,60.83,51.80,75.13,49.00
Ramat Gan,Israel,0.00,0.00,0.00,0.00,0.00,0.00,21.15,29.11,30.40,27.78,0.00
Guwahati,India,0.00,0.00,0.00,0.00,0.00,0.00,0.00,0.00,12.38,7.47,9.96
Tacoma,United States of America,0.00,0.00,0.00,0.00,0.00,0.00,53.56,70.00,63.91,70.27,64.80
Visakhapatnam,India,0.00,0.00,0.00,0.00,16.90,16.82,13.21,9.78,11.96,10.70,8.50
Vijayawada,India,0.00,0.00,0.00,0.00,12.84,14.15,11.84,0.00,8.62,9.73,6.97
Hamilton,New Zealand,0.00,0.00,0.00,0.00,0.00,60.26,0.00,0.00,64.11,0.00,0.00
Ludhiana,India,0.00,0.00,0.00,0.00,21.76,27.77,28.34,0.00,0.00,12.10,8.23
Kitchener,Canada,0.00,0.00,34.47,0.00,35.62,34.67,50.79,51.10,51.90,55.43,42.45
Aguascalientes City,Mexico,0.00,0.00,0.00,0.00,0.00,0.00,0.00,0.00,31.96,0.00,0.00
Kingston,Canada,0.00,0.00,0.00,0.00,0.00,0.00,40.85,0.00,57.21,55.01,0.00
Milton Keynes,United Kingdom,0.00,0.00,0.00,0.00,0.00,0.00,35.86,0.00,32.89,0.00,0.00
Corfu,Greece,0.00,0.00,0.00,0.00,0.00,18.58,0.00,0.00,41.85,0.00,0.00
Thane,India,0.00,0.00,0.00,0.00,32.11,20.63,15.54,23.30,10.89,8.14,11.07
Sunnyvale,United States of America,0.00,0.00,0.00,0.00,0.00,0.00,0.00,0.00,62.78,62.85,44.35
Oshawa,Canada,0.00,0.00,0.00,0.00,0.00,0.00,0.00,55.83,49.52,56.15,0.00
Santa Rosa,United States of America,0.00,0.00,0.00,0.00,0.00,52.83,53.00,0.00,68.12,63.56,99.33
Guildford,United Kingdom,0.00,0.00,0.00,0.00,0.00,0.00,35.00,0.00,0.00,31.60,0.00
Bellevue,United States of America,0.00,0.00,0.00,0.00,0.00,0.00,0.00,0.00,62.14,60.00,58.57
Fayetteville,United States of America,0.00,0.00,0.00,0.00,0.00,0.00,59.10,0.00,0.00,58.75,0.00
Kuching,Malaysia,0.00,0.00,0.00,51.54,0.00,0.00,32.56,0.00,0.00,0.00,0.00
Redmond,United States of America,0.00,0.00,0.00,0.00,0.00,0.00,0.00,0.00,63.00,75.00,0.00
Johor Bahru,Malaysia,0.00,19.33,38.78,0.00,36.96,0.00,0.00,0.00,47.99,0.00,0.00
Kelowna,Canada,0.00,0.00,0.00,48.27,0.00,40.02,42.65,54.57,60.63,62.60,70.72
Vancouver,United States of America,0.00,0.00,0.00,0.00,0.00,0.00,48.99,69.83,61.44,59.89,0.00
Erie,United States of America,0.00,0.00,0.00,0.00,0.00,0.00,47.80,0.00,0.00,0.00,0.00
Al Ain,United Arab Emirates,0.00,0.00,0.00,0.00,0.00,0.00,0.00,95.18,90.58,112.94,0.00
Bucaramanga,Colombia,0.00,0.00,0.00,0.00,0.00,0.00,0.00,0.00,25.05,0.00,24.11
Burnaby,Canada,0.00,0.00,0.00,0.00,0.00,0.00,0.00,0.00,61.67,46.38,50.99
Clearwater,United States of America,0.00,0.00,0.00,0.00,0.00,0.00,54.60,0.00,54.80,0.00,0.00
Taichung,Taiwan,0.00,0.00,0.00,51.21,24.42,0.00,0.00,0.00,34.77,0.00,0.00
Naples,United States of America,0.00,0.00,0.00,0.00,0.00,53.00,0.00,0.00,0.00,0.00,0.00
Abbotsford,Canada,0.00,0.00,0.00,0.00,0.00,0.00,53.73,0.00,53.25,0.00,0.00
Noida,India,0.00,0.00,20.15,26.73,25.35,22.01,24.37,17.99,14.26,13.15,11.24
Sharjah,United Arab Emirates,0.00,0.00,0.00,72.66,75.96,81.52,83.62,88.64,92.71,102.84,99.15
Rockville,United States of America,0.00,0.00,0.00,0.00,0.00,0.00,0.00,0.00,81.00,0.00,46.25
Jeddah,Saudi Arabia,0.00,0.00,36.00,56.00,53.48,37.03,43.72,56.69,65.93,65.17,69.85
Surrey,Canada,0.00,0.00,0.00,0.00,0.00,45.60,43.76,54.75,61.74,52.01,55.36
Everett,United States of America,0.00,0.00,0.00,0.00,0.00,0.00,55.00,0.00,60.38,0.00,0.00
Bellingham,United States of America,0.00,0.00,0.00,0.00,0.00,53.99,72.50,53.67,63.89,60.83,75.00
Moncton,Canada,0.00,0.00,0.00,0.00,0.00,0.00,0.00,0.00,59.17,57.02,0.00
Kamloops,Canada,0.00,0.00,0.00,0.00,0.00,0.00,0.00,0.00,59.58,60.61,61.80
Villach,Austria,0.00,0.00,0.00,0.00,0.00,0.00,21.29,0.00,0.00,0.00,0.00
Berkeley,United States of America,0.00,0.00,0.00,0.00,0.00,0.00,63.00,0.00,83.13,58.57,67.00
Ann Arbor,United States of America,0.00,0.00,0.00,0.00,50.83,41.99,50.00,58.43,63.19,69.92,64.28
Aveiro,Portugal,0.00,0.00,0.00,0.00,0.00,0.00,0.00,29.36,0.00,33.13,0.00
Pensacola,United States of America,0.00,0.00,0.00,0.00,0.00,54.99,55.65,0.00,72.00,66.50,0.00
Iowa City,United States of America,0.00,0.00,0.00,0.00,0.00,0.00,0.00,0.00,62.33,66.20,0.00
Gainesville,United States of America,0.00,0.00,0.00,0.00,55.50,0.00,49.00,0.00,0.00,55.00,0.00
Daytona Beach,United States of America,0.00,0.00,0.00,0.00,0.00,0.00,0.00,0.00,80.33,58.00,56.25
Fort Collins,United States of America,0.00,0.00,0.00,0.00,0.00,55.00,44.80,52.50,0.00,60.83,48.30
Canton,United States of America,0.00,0.00,0.00,0.00,0.00,0.00,0.00,0.00,56.17,0.00,0.00
Sarasota,United States of America,0.00,0.00,0.00,0.00,0.00,0.00,0.00,0.00,59.00,57.25,0.00
Redding,United States of America,0.00,0.00,0.00,0.00,0.00,0.00,40.00,0.00,0.00,0.00,0.00
Overland Park,United States of America,0.00,0.00,0.00,0.00,0.00,0.00,0.00,0.00,0.00,0.00,68.75
Guelph,Canada,0.00,0.00,0.00,0.00,0.00,53.15,53.92,0.00,0.00,53.21,46.38
Fort Myers,United States of America,0.00,0.00,0.00,0.00,0.00,56.17,52.00,71.50,57.33,56.77,55.00
Ajman,United Arab Emirates,0.00,0.00,0.00,0.00,0.00,0.00,0.00,0.00,103.76,83.04,91.85
Greenville,United States of America,0.00,0.00,0.00,0.00,0.00,50.40,49.22,57.37,60.00,55.83,0.00
Bloomington,United States of America,0.00,0.00,0.00,0.00,0.00,0.00,0.00,49.00,0.00,0.00,0.00
Fairfax,United States of America,0.00,0.00,0.00,0.00,39.67,0.00,0.00,66.50,67.50,78.80,0.00
Waterloo,Canada,0.00,0.00,0.00,0.00,0.00,56.80,49.23,0.00,53.38,50.14,47.80
Coquitlam,Canada,0.00,0.00,0.00,0.00,0.00,0.00,0.00,0.00,55.41,0.00,53.18
Asheville,United States of America,0.00,0.00,0.00,0.00,33.33,53.42,52.43,62.88,64.25,61.61,60.00
Wilmington,United States of America,0.00,0.00,0.00,0.00,0.00,0.00,0.00,51.67,0.00,73.00,0.00
Bend,United States of America,0.00,0.00,0.00,0.00,0.00,0.00,52.80,0.00,85.00,74.40,68.17
Chapel Hill,United States of America,0.00,0.00,0.00,0.00,0.00,0.00,0.00,0.00,52.33,0.00,0.00
College Station,United States of America,0.00,0.00,0.00,0.00,0.00,0.00,0.00,57.85,0.00,68.89,0.00
Klaipeda,Lithuania,0.00,0.00,0.00,0.00,0.00,0.00,0.00,13.71,0.00,0.00,0.00
Phuket,Thailand,0.00,0.00,24.85,0.00,22.53,22.54,17.82,21.63,25.38,21.04,20.08
Petaling Jaya,Malaysia,0.00,0.00,0.00,47.30,51.41,45.69,38.65,35.45,37.98,29.87,27.73
Dumaguete,Philippines,0.00,0.00,0.00,0.00,0.00,0.00,0.00,0.00,0.00,47.55,0.00
New Westminster,Canada,0.00,0.00,0.00,0.00,0.00,0.00,0.00,0.00,64.05,57.28,56.82
Langley,Canada,0.00,0.00,0.00,0.00,0.00,0.00,0.00,0.00,0.00,0.00,67.20
Melbourne,United States of America,0.00,0.00,0.00,0.00,0.00,0.00,50.30,62.83,63.83,64.17,0.00
Chilliwack,Canada,0.00,0.00,0.00,0.00,0.00,0.00,0.00,0.00,0.00,63.93,0.00
Playa del Carmen,Mexico,0.00,0.00,0.00,0.00,0.00,0.00,25.28,0.00,0.00,0.00,0.00
North Vancouver,Canada,0.00,0.00,0.00,0.00,0.00,0.00,0.00,0.00,57.88,0.00,0.00
Alpharetta,United States of America,0.00,0.00,0.00,0.00,0.00,0.00,0.00,0.00,0.00,64.50,0.00
Peshawar,Pakistan,0.00,0.00,0.00,0.00,0.00,0.00,0.00,0.00,24.21,0.00,21.67
Newcastle upon Tyne,United Kingdom,0.00,0.00,0.00,31.82,33.50,36.33,32.46,0.00,39.79,33.49,0.00
Birmingham,United States of America,0.00,0.00,0.00,0.00,0.00,38.00,44.00,50.00,51.75,64.00,0.00
Arlington,United States of America,0.00,0.00,0.00,0.00,0.00,0.00,53.33,0.00,0.00,0.00,0.00
Syracuse,United States of America,0.00,0.00,0.00,0.00,0.00,45.00,38.82,55.67,0.00,52.44,0.00
Long Island,United States of America,0.00,0.00,0.00,0.00,0.00,0.00,0.00,0.00,0.00,61.17,0.00
Braga,Portugal,0.00,0.00,0.00,0.00,0.00,21.95,0.00,29.94,34.45,33.42,39.88
Kocaeli,Turkey,0.00,0.00,0.00,0.00,0.00,0.00,0.00,0.00,16.56,13.01,16.11
Kaunas,Lithuania,0.00,0.00,12.50,0.00,0.00,9.18,8.62,10.16,11.50,11.49,11.21
Shiraz,Iran,0.00,0.00,0.00,0.00,0.00,0.00,112.63,0.00,0.00,0.00,0.00
Las Palmas de Gran Canaria,Spain,0.00,0.00,0.00,0.00,0.00,30.60,0.00,44.57,37.22,0.00,0.00
Santa Cruz de Tenerife,Spain,0.00,0.00,0.00,0.00,0.00,0.00,0.00,41.42,47.10,0.00,0.00
Stavanger,Norway,0.00,54.58,73.57,0.00,54.69,46.51,43.17,53.66,63.48,53.51,0.00
Antwerp,Belgium,0.00,62.80,61.73,32.21,46.26,49.84,47.45,44.22,55.94,53.23,54.14
Zaragoza,Spain,0.00,0.00,0.00,0.00,0.00,0.00,42.57,0.00,0.00,45.52,31.84
Arlington,United States of America,0.00,0.00,0.00,0.00,0.00,0.00,57.50,61.00,68.00,60.85,58.88
Jubail,Saudi Arabia,0.00,0.00,0.00,0.00,0.00,0.00,46.66,0.00,65.77,52.16,0.00
